timestamp,task,status,execution_time
2026-02-27 13:36:45.091132,Extract,Success,35.29293155670166
2026-02-27 13:36:45.091132,Extract,Success,35.29293155670166
2026-02-27 13:36:45.091132,Extract,Success,35.29293155670166
2026-03-01 16:57:14.143082,Extract,Success,26.291057348251343
2026-03-01 16:59:46.024314,Extract,Success,14.625443935394289
2026-03-01 17:00:08.315949,Load,Failed,0.0
2026-03-01 17:04:11.901584,Extract,Success,22.72852230072021
2026-03-01 17:05:20.831974,Load,Failed,0.0
2026-03-01 17:04:11.901584,Extract,Success,22.72852230072021
2026-03-01 17:05:20.831974,Load,Failed,0.0
2026-03-01 17:54:25.278738,Extract,Success,14.362181186676024
2026-03-01 17:55:15.402208,Load,Failed,0.0
2026-03-01 21:59:07.651343,Extract,Success,29.926259756088257
2026-03-01 22:01:30.275728,Load,Failed,0.0
2026-03-01 22:08:00.087189,Extract,Success,11.655476808547974
2026-03-01 22:08:56.935450,Load,Failed,0.0
2026-03-01 22:17:43.263069,Extract,Success,14.093712329864502
2026-03-01 22:18:48.223236,Load,Failed,0.0
2026-03-01 22:17:43.263069,Extract,Success,14.093712329864502
2026-03-01 22:18:48.223236,Load,Failed,0.0
2026-03-01 22:31:17.042431,Extract,Success,9.546475648880005
2026-03-01 22:32:31.944293,Load,Failed,0.0
2026-03-01 22:34:37.064001,Extract,Success,9.441148519515991
2026-03-01 22:35:54.653790,Load,Failed,0.0
2026-03-01 22:38:15.111829,Extract,Success,10.19368028640747
2026-03-01 22:39:32.290562,Load,Success,70.69740128517151
2026-03-04 14:16:12.353971,Extract,Success,17.51414179801941
2026-03-04 14:17:57.418210,Load,Success,96.82912683486938
2026-03-04 14:18:00.206336,Transform,Failed,0.0
2026-03-04 14:24:02.324784,Extract,Success,9.75968313217163
2026-03-04 14:25:03.200899,Load,Success,54.95032525062561
2026-03-04 14:25:04.385242,Transform,Failed,0.0
2026-03-04 14:29:52.531049,Extract,Success,9.661782026290894
2026-03-04 14:31:08.218981,Load,Success,68.97614741325378
2026-03-04 14:31:11.240161,Transform,Failed,0.0
2026-03-04 14:37:01.138958,Extract,Success,9.617106199264526
2026-03-04 14:37:59.271122,Load,Success,52.43352818489075
2026-03-04 14:37:59.887333,Transform,Failed,0.0
2026-03-04 14:45:36.935007,Extract,Success,10.11737823486328
2026-03-04 14:46:37.580701,Load,Success,55.42694115638733
2026-03-04 14:46:44.352103,Transform,Failed,0.0
2026-03-04 16:21:53.359535,Extract,Success,26.21552300453186
2026-03-04 16:27:22.512706,Load,Success,319.74112582206726
2026-03-04 16:27:25.546373,Transform,Failed,0.0
2026-03-04 16:29:56.542150,Extract,Success,11.485996961593628
2026-03-04 16:31:39.740081,Load,Success,97.76594305038452
2026-03-04 16:31:40.313457,Transform,Failed,0.0
2026-03-04 16:35:47.231123,Extract,Success,9.660869836807253
2026-03-04 16:37:10.483062,Load,Success,78.64782524108887
2026-03-04 16:37:12.216094,Transform,Failed,0.0
2026-03-04 16:35:47.231123,Extract,Success,9.660869836807253
2026-03-04 16:37:10.483062,Load,Success,78.64782524108887
2026-03-04 16:37:12.216094,Transform,Failed,0.0
2026-03-04 16:56:06.852758,Extract,Success,78.27026987075806
2026-03-04 16:59:52.368206,Load,Success,185.7588744163513
2026-03-04 16:59:53.487685,Transform,Failed,0.0
2026-03-04 17:03:34.510077,Extract,Success,11.358625411987305
2026-03-04 17:05:25.571724,Load,Success,106.20587301254272
2026-03-04 17:05:26.665117,Transform,Failed,0.0
2026-03-05 07:28:20.073374,Extract,Success,26.33223986625672
2026-03-05 07:30:42.828451,Load,Success,131.9028353691101
2026-03-05 07:30:45.873319,Transform,Failed,0.0
2026-03-05 07:32:53.385206,Extract,Success,10.609172821044922
2026-03-05 07:33:53.440472,Load,Success,54.69004201889038
2026-03-05 07:33:54.859756,Transform,Failed,0.0
2026-03-05 07:36:51.958454,Extract,Success,9.664488792419434
2026-03-05 07:37:52.890313,Load,Success,52.83627462387085
2026-03-05 07:37:54.075765,Transform,Failed,0.0
2026-03-05 08:20:47.517806,Extract,Success,13.612395763397217
2026-03-05 08:22:15.661099,Load,Success,80.9583306312561
2026-03-05 08:22:16.709892,Transform,Failed,0.0
2026-03-05 15:05:14.483838,Extract,Success,11.384013175964355
2026-03-05 15:09:30.266400,Load,Success,246.96674132347107
2026-03-05 15:09:50.140879,Transform,Failed,0.0
2026-03-05 16:48:07.832125,Extract,Success,33.51199436187744
2026-03-05 16:52:00.634810,Load,Success,221.1035025119781
2026-03-05 16:52:09.138746,Transform,Failed,0.0
2026-03-05 17:01:28.025507,Extract,Success,11.78175163269043
2026-03-05 17:02:53.537511,Load,Success,76.75241827964783
2026-03-05 17:02:59.153365,Transform,Failed,0.0
2026-03-05 17:19:28.123217,Extract,Success,20.490439653396606
2026-03-05 17:22:20.078131,Load,Success,156.87584924697876
2026-03-05 17:22:31.556792,Transform,Failed,0.0
2026-03-05 17:53:06.093549,Extract,Success,27.107308864593502
2026-03-05 17:56:22.147846,Load,Success,176.54143404960632
2026-03-05 17:56:34.164410,Transform,Failed,0.0
2026-03-05 17:58:49.003649,Extract,Success,10.795212745666504
2026-03-05 17:59:59.885894,Load,Success,63.31199550628662
2026-03-05 18:00:10.441287,Transform,Failed,0.0
2026-03-05 18:06:49.569531,Extract,Success,10.002623558044434
2026-03-05 18:07:49.796447,Load,Success,54.40698599815369
2026-03-05 18:08:04.857298,Transform,Success,14.318044900894163
2026-03-05 18:06:49.569531,Extract,Success,10.002623558044434
2026-03-05 18:07:49.796447,Load,Success,54.40698599815369
2026-03-05 18:08:04.857298,Transform,Success,14.318044900894163
2026-03-06 22:05:54.848597,Extract,Failed,0.0
